"Provincia","Distribuidas total","Apl 1°","Apl 2°","Apl única","Apl adicional","Apl 1º refuerzo","Apl 2º refuerzo","Apl 3º refuerzo *","Aplicadas total"
"Buenos Aires",53334849,16049567,14757544,179149,1064718,8862021,3143799,1437474,45582174
"CABA",11158862,2964397,2879258,37239,272496,2377896,1476947,1014994,11023232
"Catamarca",1490966,407545,377686,3259,21372,284211,122490,52899,1269465
"Chaco",3674127,1015933,852078,13048,43844,427579,130118,57715,2540371
"Chubut",1784607,511144,447663,4403,27422,232689,83085,51548,1357968
"Corrientes",3403804,1036933,903434,11884,20290,627945,266956,126103,2993550
"Córdoba",10342782,3396237,3138902,45645,205323,1845264,625565,251048,9508053
"Entre Ríos",3790015,1245212,1128550,14778,84124,635379,190299,74826,3373183
"Formosa",2430514,586590,527710,8131,256179,325624,122033,64566,1892366
"Jujuy",2129979,705546,627293,5170,61672,396023,168710,83113,2047699
"La Pampa",1115222,335251,324292,3606,42263,240837,96021,38591,1080862
"La Rioja",1207057,364940,339857,4945,38362,217021,87683,43280,1096101
"Mendoza",5618838,1760151,1578252,16518,54052,946807,374653,237692,4968125
"Misiones",3569896,965381,822034,8712,133266,292743,50258,11550,2284041
"Neuquén",2210756,633770,583462,11971,29583,360429,132725,68529,1820484
"Río Negro",2499639,687343,630308,6460,88931,356857,121042,63725,1954668
"Salta",3437515,1203285,1045147,8310,56372,600694,217727,90947,3222528
"San Juan",2216039,709968,642350,8082,39023,348305,92248,34719,1874698
"San Luis",1431452,456477,436653,6820,50273,328162,137750,36081,1452231
"Santa Cruz",1389542,304365,276196,2581,20025,151867,54945,27555,837538
"Santa Fe",10175586,3243979,3061961,30714,406175,2049171,875616,323808,9991425
"Santiago del Estero",2951327,966086,908527,17530,74929,532408,116094,27510,2643091
"Tierra del Fuego",632003,158855,148154,971,8636,82459,32861,20802,452739
"Tucumán",4620435,1515246,1362861,10695,73636,657431,238227,128309,3986865
"Totales",136615812,41224201,37800172,460621,3172966,23179822,8957852,4367384,119163018
